item_id,tier_aggregate
0,T3
1,T1
2,T3
3,T4
4,T2
5,T1
6,T2
7,T3
8,T3
9,T3
10,T4
11,T2
12,T4
13,T2
14,T1
15,T1
16,T2
17,T1
18,T1
19,T4
21,T4
22,T3
23,T1
24,T3
25,T4
26,T1
27,T1
28,T1
29,T1
30,T2
31,T2
32,T1
33,T2
34,T2
35,T3
36,T2
38,T4
39,T3
40,T1
41,T1
42,T3
43,T2
45,T4
46,T1
47,T2
48,T2
49,T2
50,T1
51,T1
52,T1
53,T1
54,T1
55,T3
56,T4
57,T1
58,T1
59,T1
60,T1
61,T2
62,T2
63,T1
64,T4
65,T3
67,T4
68,T2
69,T2
70,T2
71,T3
72,T4
73,T1
74,T1
75,T3
76,T4
77,T4
78,T1
79,T3
80,T1
81,T4
82,T3
83,T2
84,T4
85,T3
86,T4
87,T4
88,T4
89,T4
90,T2
91,T1
92,T1
93,T2
95,T3
96,T3
97,T1
98,T2
99,T1
100,T4
101,T3
102,T2
103,T2
104,T2
105,T4
107,T3
108,T1
109,T4
110,T2
111,T2
112,T2
113,T2
115,T4
116,T3
118,T2
119,T1
120,T1
123,T4
124,T3
125,T2
128,T4
129,T1
130,T4
132,T3
133,T2
134,T4
135,T1
136,T1
137,T1
138,T2
139,T3
140,T3
141,T4
142,T1
143,T1
144,T4
145,T3
146,T3
147,T3
148,T2
149,T3
151,T1
152,T3
153,T3
154,T3
155,T2
156,T1
157,T2
158,T1
159,T2
160,T2
161,T4
162,T3
163,T4
164,T1
165,T1
166,T1
167,T1
168,T4
169,T1
170,T1
171,T1
172,T4
173,T4
174,T2
175,T3
176,T4
177,T3
178,T1
179,T4
180,T3
181,T4
182,T1
183,T2
184,T1
185,T2
186,T4
187,T2
188,T3
189,T4
190,T1
191,T3
192,T2
193,T2
194,T4
195,T2
196,T2
198,T1
199,T2
200,T3
201,T1
202,T4
203,T2
204,T1
205,T1
206,T4
207,T1
208,T2
209,T2
210,T2
211,T3
212,T1
213,T1
214,T3
215,T4
216,T1
217,T1
218,T1
219,T1
220,T2
221,T3
222,T3
223,T1
224,T3
225,T3
226,T3
227,T2
228,T1
229,T3
231,T4
232,T4
233,T2
234,T3
236,T3
237,T4
238,T4
239,T4
240,T1
241,T2
242,T4
243,T2
244,T3
245,T3
246,T1
247,T3
248,T4
250,T4
251,T1
252,T1
253,T2
254,T4
255,T3
256,T3
257,T3
258,T3
259,T3
260,T4
261,T4
262,T3
263,T3
264,T4
265,T3
266,T2
267,T3
268,T3
269,T2
270,T3
271,T2
272,T2
273,T3
274,T3
275,T3
276,T1
277,T3
278,T1
279,T3
280,T1
281,T3
282,T1
283,T4
284,T3
285,T2
286,T4
287,T2
289,T3
290,T4
291,T2
292,T2
293,T1
294,T4
295,T1
296,T3
297,T4
298,T2
299,T2
300,T2
301,T2
302,T3
304,T2
305,T3
306,T3
307,T4
308,T1
309,T2
310,T1
311,T4
312,T1
313,T3
314,T1
315,T1
316,T2
317,T1
318,T3
319,T3
320,T3
321,T2
322,T1
323,T1
324,T1
325,T3
326,T3
327,T4
328,T4
329,T2
330,T4
331,T4
332,T4
333,T1
334,T4
335,T4
336,T3
337,T4
339,T1
340,T4
341,T3
342,T3
343,T2
344,T3
345,T3
346,T2
347,T3
348,T1
349,T4
350,T2
351,T1
352,T4
353,T2
354,T4
355,T2
356,T2
357,T2
358,T4
359,T1
360,T1
361,T3
362,T2
364,T2
366,T4
368,T3
369,T1
370,T3
371,T2
372,T4
373,T4
374,T2
375,T2
376,T1
377,T3
378,T1
379,T1
380,T4
381,T3
382,T2
383,T2
384,T2
386,T4
387,T2
388,T1
389,T1
390,T1
391,T2
392,T3
393,T3
394,T1
395,T1
396,T4
397,T3
398,T3
399,T4
400,T2
401,T3
402,T1
404,T2
405,T3
407,T2
408,T4
409,T3
410,T3
411,T4
412,T1
413,T2
414,T1
415,T4
416,T4
417,T1
418,T2
419,T1
420,T2
421,T4
422,T1
423,T2
424,T2
425,T1
427,T4
428,T3
431,T4
432,T3
433,T2
434,T2
435,T1
436,T4
437,T3
438,T1
439,T1
440,T1
441,T4
442,T1
443,T1
444,T1
445,T3
446,T4
447,T3
448,T2
449,T3
450,T4
451,T1
452,T4
453,T3
454,T1
455,T1
456,T1
457,T4
458,T1
459,T2
460,T4
461,T2
462,T2
463,T3
464,T1
465,T2
466,T3
467,T4
468,T2
469,T1
471,T3
473,T1
474,T3
475,T4
476,T4
477,T2
478,T4
479,T2
480,T4
481,T1
483,T4
484,T4
486,T1
487,T1
488,T1
489,T2
490,T3
491,T3
492,T4
493,T4
494,T1
495,T3
496,T3
497,T2
498,T1
499,T1
500,T4
501,T1
502,T2
503,T1
504,T3
505,T1
506,T1
507,T3
508,T4
509,T4
510,T2
511,T4
513,T1
515,T1
516,T1
517,T3
518,T2
519,T3
520,T2
521,T1
522,T1
523,T2
524,T3
526,T3
527,T3
529,T1
530,T4
531,T2
532,T3
533,T4
534,T1
535,T3
536,T3
537,T3
538,T3
539,T3
540,T2
542,T3
543,T3
544,T4
545,T2
546,T3
548,T2
549,T1
550,T1
551,T4
552,T3
554,T2
555,T1
556,T2
557,T1
558,T1
559,T1
560,T2
561,T3
562,T3
564,T4
565,T2
566,T3
567,T4
568,T3
569,T2
570,T2
571,T3
572,T4
574,T3
575,T4
576,T3
577,T4
578,T3
580,T4
581,T2
582,T4
583,T3
584,T3
585,T4
586,T4
587,T3
588,T3
590,T1
591,T1
592,T1
593,T1
594,T1
595,T4
596,T2
597,T3
598,T3
599,T1
600,T4
601,T3
603,T3
604,T4
605,T3
606,T1
607,T3
608,T4
609,T3
610,T2
611,T3
612,T4
613,T1
614,T2
615,T4
616,T4
617,T3
618,T3
619,T1
620,T3
621,T1
622,T1
623,T4
624,T2
626,T4
627,T4
628,T2
629,T3
630,T3
631,T1
632,T4
633,T1
634,T2
635,T3
636,T2
637,T3
638,T4
639,T1
640,T4
641,T4
642,T2
643,T2
644,T1
645,T3
646,T4
647,T4
648,T1
649,T2
650,T1
651,T2
652,T4
654,T1
656,T4
657,T4
658,T3
659,T2
661,T2
662,T3
663,T4
664,T4
666,T2
667,T2
668,T2
669,T4
670,T3
671,T2
673,T3
674,T3
675,T1
676,T1
677,T1
678,T4
679,T2
680,T3
681,T2
682,T2
683,T3
685,T4
686,T2
687,T4
688,T3
689,T2
690,T4
691,T2
692,T3
693,T3
695,T4
696,T4
697,T3
698,T2
699,T2
700,T1
701,T1
702,T3
703,T3
704,T2
705,T4
706,T2
707,T1
708,T4
709,T3
711,T1
712,T3
713,T3
714,T2
715,T2
716,T4
717,T4
718,T3
719,T4
720,T3
721,T4
722,T4
723,T3
724,T1
725,T3
727,T2
728,T2
729,T4
730,T1
731,T1
732,T1
733,T4
734,T2
735,T1
736,T4
737,T1
738,T2
739,T1
740,T2
741,T3
742,T3
743,T4
744,T1
745,T3
747,T1
748,T3
749,T3
750,T4
751,T3
752,T3
753,T2
755,T3
756,T4
757,T3
758,T2
759,T3
760,T1
761,T3
762,T4
763,T1
764,T3
766,T2
767,T2
768,T2
769,T3
770,T1
771,T3
772,T2
773,T4
774,T3
775,T2
776,T3
777,T3
778,T4
780,T4
781,T2
782,T2
783,T1
784,T2
785,T4
786,T3
787,T4
788,T1
789,T3
790,T3
791,T3
792,T1
793,T4
794,T2
795,T4
796,T4
797,T4
798,T4
799,T4
801,T3
803,T2
804,T4
805,T3
806,T2
807,T1
808,T3
809,T3
810,T3
811,T3
812,T2
813,T3
814,T4
815,T3
816,T1
817,T4
818,T4
820,T3
821,T4
822,T3
823,T4
826,T1
827,T1
828,T2
829,T4
830,T3
831,T1
832,T4
833,T1
834,T4
835,T4
836,T4
837,T2
838,T1
839,T3
840,T2
841,T1
843,T1
844,T1
845,T1
846,T4
848,T3
849,T2
850,T1
851,T2
852,T3
853,T3
854,T3
855,T1
856,T3
858,T1
859,T3
860,T1
861,T3
862,T4
863,T2
865,T1
866,T1
867,T1
869,T1
870,T3
871,T2
872,T3
873,T1
874,T2
877,T3
879,T4
880,T1
881,T1
882,T4
883,T1
884,T1
885,T1
886,T3
887,T2
888,T2
889,T3
890,T3
892,T2
893,T3
894,T1
895,T1
896,T1
897,T1
898,T4
899,T1
900,T4
901,T4
902,T3
903,T2
904,T4
905,T2
906,T3
907,T4
908,T3
909,T1
910,T1
911,T1
912,T1
913,T2
914,T3
915,T2
916,T2
917,T4
918,T1
919,T1
920,T3
921,T1
922,T3
923,T2
924,T3
925,T2
926,T4
927,T1
928,T3
929,T3
930,T2
931,T1
932,T1
933,T1
935,T3
936,T1
937,T1
938,T3
939,T2
940,T1
941,T2
942,T4
943,T1
945,T2
946,T4
947,T1
948,T4
949,T3
950,T3
951,T1
952,T2
953,T4
954,T1
955,T3
956,T1
957,T1
958,T2
959,T1
960,T2
962,T4
963,T2
964,T1
965,T3
966,T3
968,T3
969,T1
970,T3
971,T2
972,T3
973,T4
974,T4
975,T3
976,T1
978,T2
979,T1
980,T2
981,T3
982,T2
983,T3
984,T1
985,T4
986,T2
987,T1
988,T3
989,T4
990,T4
991,T1
992,T3
993,T1
994,T1
995,T1
996,T3
997,T2
998,T2
999,T1
1000,T4
1001,T4
1002,T4
1003,T1
1004,T1
1005,T2
1006,T1
1007,T4
1008,T2
1009,T1
1010,T3
1011,T1
1012,T3
1013,T1
1014,T1
1015,T3
1016,T4
1017,T2
1018,T3
1020,T1
1021,T3
1022,T3
1023,T2
1024,T4
1025,T3
1028,T3
1029,T4
1030,T1
1031,T4
1032,T3
1033,T4
1034,T4
1035,T4
1036,T1
1037,T3
1038,T2
1039,T1
1040,T3
1041,T1
1042,T3
1043,T4
1044,T3
1045,T4
1046,T3
1047,T1
1048,T2
1049,T1
1050,T3
1051,T4
1052,T2
1053,T4
1054,T3
1055,T2
1056,T3
1057,T3
1058,T2
1060,T4
1061,T3
1062,T4
1063,T3
1064,T2
1065,T2
1066,T3
1067,T3
1068,T2
1069,T1
1070,T4
1071,T1
1072,T2
1073,T3
1074,T3
1075,T2
1076,T1
1077,T3
1078,T3
1079,T2
1080,T2
1081,T4
1082,T3
1083,T2
1084,T3
1086,T2
1087,T4
1088,T4
1089,T4
1090,T2
1091,T1
1092,T4
1093,T1
1094,T2
1095,T1
1096,T4
1097,T1
1098,T1
1099,T3
1100,T1
1101,T1
1102,T4
1103,T3
1104,T4
1105,T1
1106,T3
1107,T2
1108,T1
1110,T1
1111,T2
1112,T3
1113,T2
1114,T3
1115,T2
1116,T1
1117,T2
1118,T3
1119,T2
1120,T1
1121,T4
1122,T1
1123,T4
1124,T1
1125,T3
1126,T3
1127,T1
1128,T1
1131,T2
1132,T3
1133,T3
1134,T4
1135,T4
1136,T1
1137,T3
1138,T3
1139,T2
1140,T2
1141,T4
1142,T3
1143,T2
1144,T2
1146,T2
1147,T3
1148,T4
1149,T1
1150,T1
1151,T4
1152,T4
1153,T1
1154,T3
1155,T2
1156,T2
1157,T1
1158,T4
1159,T1
1160,T3
1161,T3
1162,T3
1163,T3
1164,T4
1165,T1
1166,T1
1167,T4
1169,T3
1170,T2
1171,T4
1172,T4
1173,T4
1174,T4
1175,T3
1176,T3
1177,T1
1178,T4
1180,T4
1181,T4
1182,T3
1183,T4
1184,T4
1185,T2
1186,T4
1187,T2
1188,T4
1189,T1
1191,T4
1192,T3
1193,T2
1194,T2
1195,T1
1196,T1
1197,T3
1198,T4
1199,T4
1200,T1
1201,T3
1202,T4
1203,T2
1205,T2
1206,T1
1207,T1
1208,T1
1209,T2
1210,T4
1211,T1
1212,T3
1213,T4
1214,T4
1215,T4
1216,T4
1218,T3
1219,T1
1220,T4
1221,T1
1222,T1
1223,T4
1224,T2
1225,T4
1226,T2
1228,T3
1229,T4
1230,T4
1231,T1
1232,T1
1233,T4
1234,T2
1235,T3
1236,T1
1237,T3
1238,T2
1239,T2
1240,T1
1241,T2
1242,T3
1243,T4
1244,T3
1245,T2
1246,T3
1247,T2
1248,T2
1249,T3
1250,T2
1251,T1
1252,T2
1253,T4
1254,T4
1255,T2
1256,T4
1257,T2
1258,T3
1259,T3
1260,T3
1261,T1
1262,T4
1264,T1
1265,T4
1266,T3
1267,T1
1268,T3
1269,T3
1270,T1
1271,T1
1272,T2
1273,T4
1274,T4
1275,T4
1276,T4
1277,T3
1278,T2
1279,T3
1281,T4
1282,T2
1283,T1
1284,T4
1286,T2
1287,T4
1288,T3
1289,T3
1290,T2
1291,T1
1292,T4
1293,T1
1294,T3
1295,T4
1297,T1
1298,T4
1299,T3
1300,T1
1301,T3
1302,T4
1303,T1
1304,T3
1305,T3
1306,T1
1307,T3
1308,T4
1309,T2
1310,T4
1311,T1
1312,T2
1314,T4
1316,T3
1317,T3
1318,T3
1319,T1
1320,T2
1321,T4
1322,T1
1323,T1
1326,T4
1327,T2
1329,T3
1330,T1
1331,T4
1332,T4
1333,T4
1334,T3
1335,T4
1336,T1
1337,T3
1338,T4
1340,T4
1341,T2
1342,T2
1343,T1
1344,T2
1345,T4
1346,T1
1347,T4
1349,T1
1350,T3
1351,T1
1352,T1
1353,T2
1354,T1
1355,T2
1356,T4
1357,T1
1358,T4
1359,T4
1360,T4
1361,T4
1362,T1
1363,T2
1364,T3
1366,T1
1367,T1
1368,T4
1369,T4
1370,T2
1371,T4
1372,T3
1373,T4
1374,T4
1375,T2
1376,T1
1377,T4
1378,T1
1379,T2
1381,T3
1382,T3
1383,T4
1384,T3
1385,T1
1386,T1
1387,T1
1388,T1
1389,T2
1390,T4
1391,T4
1392,T3
1393,T4
1394,T2
1395,T3
1396,T3
1397,T1
1398,T1
1399,T2
1400,T1
1401,T3
1402,T4
1403,T1
1404,T1
1405,T2
1406,T3
1407,T4
1408,T4
1409,T2
1410,T3
1411,T2
1412,T1
1413,T4
1414,T3
1415,T2
1416,T2
1417,T4
1418,T3
1419,T1
1420,T2
1422,T2
1423,T1
1424,T1
1425,T1
1426,T3
1427,T4
1428,T1
1429,T1
1430,T4
1431,T1
1432,T1
1433,T4
1434,T2
1435,T4
1436,T4
1438,T3
1439,T2
1440,T3
1441,T2
1442,T2
1443,T3
1444,T4
1445,T3
1446,T4
1447,T2
1448,T4
1449,T4
1450,T3
1451,T1
1454,T2
1455,T2
1456,T2
1457,T4
1458,T3
1459,T3
1460,T4
1461,T4
1462,T3
1463,T4
1464,T4
1465,T3
1467,T1
1468,T3
1469,T2
1470,T3
1471,T1
1472,T3
1473,T1
1474,T3
1475,T1
1476,T2
1477,T2
1478,T3
1479,T1
1480,T3
1482,T4
1483,T1
1484,T2
1485,T1
1486,T1
1487,T1
1488,T1
1489,T3
1490,T3
1491,T3
1492,T2
1493,T1
1494,T2
1496,T1
1497,T4
1499,T4
1500,T1
1501,T4
1502,T1
1503,T1
1504,T3
1505,T4
1506,T4
1507,T2
1508,T2
1509,T1
1510,T3
1511,T4
1512,T3
1513,T4
1515,T2
1516,T1
1517,T2
1518,T3
1519,T3
1520,T4
1521,T1
1522,T2
1523,T4
1524,T1
1525,T4
1526,T4
1527,T3
1528,T2
1529,T3
1530,T4
1531,T4
1532,T4
1533,T4
1534,T3
1535,T3
1536,T3
1537,T3
1538,T3
1539,T3
1540,T3
1541,T2
1542,T4
1543,T4
1544,T3
1545,T3
1546,T1
1547,T4
1549,T3
1551,T4
1552,T3
1553,T2
1554,T3
1555,T3
1556,T4
1557,T4
1558,T2
1559,T2
1560,T3
1561,T2
1562,T3
1563,T3
1564,T4
1565,T4
1566,T4
1567,T1
1568,T1
1569,T3
1570,T2
1571,T3
1572,T4
1573,T3
1574,T1
1575,T3
1576,T1
1577,T3
1578,T3
1579,T2
1580,T4
1581,T1
1582,T3
1583,T3
1584,T4
1585,T2
1586,T3
1587,T2
1588,T4
1589,T4
1590,T4
1591,T3
1592,T3
1593,T3
1594,T1
1595,T3
1596,T4
1597,T3
1598,T4
1599,T3
1600,T1
1601,T4
1603,T1
1604,T2
1605,T3
1606,T3
1607,T3
1609,T3
1611,T3
1612,T1
1613,T2
1614,T3
1615,T4
1616,T4
1618,T2
1619,T4
1620,T1
1621,T3
1622,T1
1623,T1
1624,T1
1625,T3
1626,T2
1627,T2
1628,T1
1629,T3
1630,T3
1631,T3
1632,T3
1633,T1
1634,T3
1635,T3
1636,T3
1637,T3
1638,T3
1639,T4
1640,T4
1641,T1
1642,T3
1643,T2
1644,T2
1645,T1
1646,T3
1647,T2
1648,T3
1649,T3
1650,T1
1652,T3
1653,T1
1654,T1
1655,T3
1656,T4
1657,T1
1658,T1
1659,T1
1660,T1
1661,T1
1662,T1
1663,T3
1664,T3
1665,T2
1666,T4
1667,T2
1669,T4
1670,T4
1671,T4
1672,T1
1673,T4
1674,T3
1675,T4
1676,T3
1677,T3
1678,T3
1679,T1
1680,T4
1681,T4
1682,T4
1683,T2
1684,T1
1685,T4
1686,T1
1687,T1
1688,T4
1689,T3
1690,T2
1692,T3
1693,T3
1694,T3
1695,T4
1696,T4
1697,T3
1698,T3
1700,T4
1701,T3
1702,T4
1703,T1
1704,T4
1705,T2
1706,T3
1707,T2
1708,T3
1709,T1
1710,T3
1711,T4
1712,T3
1713,T3
1714,T2
1715,T4
1716,T2
1717,T3
1718,T2
1719,T2
1720,T1
1721,T3
1722,T4
1723,T1
1724,T4
1725,T4
1726,T4
1727,T4
1728,T3
1729,T4
1730,T2
1731,T2
1732,T4
1733,T4
1734,T3
1735,T4
1736,T1
1737,T1
1738,T1
1739,T3
1740,T4
1741,T4
1742,T2
1743,T4
1744,T3
1745,T1
1746,T1
1747,T1
1748,T3
1749,T4
1750,T4
1751,T3
1752,T2
1753,T3
1754,T4
1755,T1
1756,T4
1757,T1
1758,T4
1759,T3
1760,T2
1761,T2
1763,T4
1764,T4
1765,T3
1766,T2
1767,T4
1768,T2
1769,T3
1770,T3
1771,T1
1772,T4
1773,T4
1774,T2
1776,T4
1777,T2
1778,T4
1779,T3
1780,T3
1781,T4
1782,T4
1783,T3
1784,T2
1785,T3
1786,T4
1787,T2
1788,T4
1790,T4
1791,T2
1792,T3
1793,T3
1794,T4
1795,T1
1796,T4
1797,T3
1798,T1
1799,T4
1800,T3
1801,T4
1802,T3
1803,T4
1804,T1
1805,T3
1806,T4
1807,T3
1808,T3
1809,T3
1811,T4
1812,T2
1813,T1
1814,T4
1815,T3
1816,T4
1817,T4
1818,T2
1819,T2
1820,T1
1821,T3
1822,T4
1824,T3
1825,T3
1826,T4
1827,T2
1830,T4
1831,T4
1832,T3
1833,T4
1834,T1
1835,T3
1836,T4
1838,T4
1839,T2
1840,T4
1841,T2
1843,T3
1846,T4
1847,T4
1848,T4
1849,T3
1850,T2
1851,T1
1852,T4
1853,T1
1854,T2
1855,T3
1856,T4
1857,T4
1858,T3
1859,T3
1860,T1
1861,T3
1862,T2
1863,T1
1864,T3
1865,T3
1866,T4
1867,T3
1868,T3
1869,T2
1870,T1
1871,T4
1872,T2
1873,T2
1874,T1
1875,T4
1876,T4
1877,T4
1878,T4
1879,T1
1881,T2
1882,T1
1883,T4
1884,T2
1885,T1
1887,T1
1888,T2
1889,T2
1890,T4
1891,T2
1892,T1
1893,T4
1894,T4
1895,T3
1896,T4
1897,T1
1898,T4
1899,T3
1900,T1
1901,T2
1902,T4
1904,T2
1905,T4
1906,T1
1908,T4
1909,T4
1910,T4
1911,T1
1913,T4
1914,T1
1915,T4
1916,T4
1917,T3
1918,T4
1919,T2
1920,T2
1921,T2
1922,T2
1923,T4
1924,T3
1925,T1
1926,T2
1927,T4
1928,T4
1930,T4
1931,T3
1932,T4
1933,T2
1934,T3
1935,T2
1936,T1
1937,T2
1938,T1
1939,T4
1940,T3
1941,T3
1943,T1
1944,T1
1945,T4
1946,T4
1947,T4
1948,T4
1949,T1
1950,T4
1951,T3
1952,T1
1953,T1
1954,T4
1955,T3
1956,T4
1957,T2
1958,T1
1959,T1
1960,T1
1961,T1
1962,T2
1964,T4
1965,T4
1966,T1
1967,T4
1968,T3
1970,T3
1971,T2
1972,T4
1973,T4
1974,T2
1975,T2
1976,T1
1977,T1
1978,T4
1979,T4
1980,T4
1981,T1
1982,T3
1983,T4
1984,T4
1985,T3
1986,T3
1987,T4
1988,T2
1989,T2
1990,T1
1991,T3
1992,T4
1994,T1
1995,T4
1998,T2
1999,T4
2000,T1
2001,T4
2002,T1
2003,T4
2004,T2
2005,T3
2006,T1
2007,T3
2008,T3
2009,T3
2010,T3
2012,T3
2013,T3
2014,T1
2015,T2
2016,T2
2017,T4
2018,T4
2019,T2
2020,T3
2021,T3
2022,T2
2023,T2
2024,T1
2025,T1
2026,T1
2027,T1
2028,T1
2029,T1
2030,T3
2031,T1
2032,T4
2033,T4
2034,T3
2035,T4
2036,T1
2037,T2
2038,T4
2039,T3
2040,T1
2042,T3
2043,T2
2045,T1
2046,T3
2047,T1
2048,T1
2049,T3
2050,T3
2051,T4
2052,T1
2053,T4
2054,T2
2055,T4
2056,T2
2057,T4
2058,T4
2059,T3
2060,T3
2061,T2
2062,T3
2063,T4
2064,T4
2065,T3
2066,T4
2067,T1
2068,T3
2069,T3
2071,T1
2072,T4
2073,T4
2074,T4
2075,T1
2076,T4
2077,T2
2078,T4
2079,T3
2080,T3
2081,T2
2082,T2
2083,T2
2084,T4
2085,T4
2086,T1
2087,T2
2088,T4
2089,T1
2090,T3
2091,T2
2092,T1
2093,T3
2094,T4
2095,T4
2096,T2
2097,T3
2098,T2
2099,T2
2100,T1
2101,T3
2102,T3
2103,T4
2104,T4
2105,T4
2106,T4
2107,T3
2108,T3
2109,T1
2110,T1
2111,T4
2112,T4
2113,T1
2114,T1
2115,T3
2116,T1
2117,T1
2118,T1
2120,T4
2121,T4
2122,T3
2123,T1
2124,T3
2125,T2
2126,T2
2127,T1
2128,T3
2129,T3
2130,T4
2131,T2
2132,T4
2133,T4
2134,T2
2135,T4
2137,T3
2138,T1
2139,T3
2140,T4
2141,T1
2142,T1
2143,T3
2144,T4
2145,T3
2146,T1
2147,T2
2148,T4
2149,T1
2150,T4
2151,T2
2152,T2
2153,T1
2154,T4
2155,T4
2156,T4
2157,T2
2158,T4
2159,T2
2160,T4
2161,T2
2162,T1
2163,T3
2164,T2
2165,T3
2166,T1
2167,T4
2168,T3
2169,T4
2170,T4
2171,T2
2172,T4
2173,T4
2174,T2
2175,T4
2176,T3
2177,T4
2178,T4
2179,T3
2180,T4
2181,T3
2182,T3
2183,T4
2184,T1
2185,T1
2186,T4
2187,T4
2188,T4
2189,T3
2190,T4
2191,T2
2192,T3
2193,T1
2194,T3
2195,T3
2196,T4
2197,T3
2198,T3
2199,T4
2200,T1
2201,T4
2202,T1
2204,T1
2205,T1
2206,T2
2207,T1
2208,T4
2209,T4
2210,T4
2211,T4
2212,T3
2213,T4
2214,T4
2215,T4
2216,T2
2217,T4
2218,T3
2219,T3
2220,T2
2221,T4
2222,T4
2223,T4
2224,T4
2225,T2
2226,T3
2227,T1
2228,T3
2229,T4
2230,T1
2231,T3
2232,T4
2233,T2
2234,T3
2235,T1
2236,T3
2238,T1
2239,T3
2240,T4
2241,T2
2242,T4
2243,T1
2244,T4
2245,T4
2246,T3
2247,T1
2248,T3
2249,T3
2250,T2
2251,T1
2252,T4
2253,T4
2255,T2
2256,T4
2257,T4
2258,T2
2259,T3
2260,T3
2261,T3
2262,T2
2264,T4
2265,T3
2266,T2
2267,T3
2268,T2
2269,T1
2271,T4
2272,T3
2273,T1
2274,T3
2275,T2
2276,T3
2278,T1
2280,T1
2281,T3
2282,T3
2283,T4
2284,T1
2285,T4
2286,T2
2287,T4
2289,T4
2290,T4
2291,T2
2292,T4
2293,T4
2294,T4
2296,T2
2297,T3
2298,T4
2299,T1
2300,T4
2301,T4
2303,T3
2304,T2
2306,T3
2307,T1
2308,T2
2309,T4
2310,T2
2312,T4
2313,T4
2314,T4
2315,T4
2316,T2
2317,T3
2318,T3
2319,T3
2320,T1
2321,T2
2322,T2
2323,T4
2324,T4
2325,T3
2326,T1
2327,T2
2328,T3
2329,T1
2330,T2
2331,T4
2332,T3
2333,T2
2334,T4
2335,T2
2336,T2
2337,T2
2338,T4
2339,T3
2342,T3
2343,T3
2344,T2
2345,T2
2346,T2
2348,T2
2349,T3
2350,T1
2351,T2
2352,T1
2353,T3
2354,T4
2355,T1
2356,T3
2357,T2
2358,T4
2359,T4
2360,T2
2361,T2
2362,T4
2363,T4
2364,T2
2365,T4
2366,T4
2367,T1
2368,T3
2369,T1
2370,T4
2371,T2
2372,T3
2373,T1
2374,T3
2375,T2
2376,T3
2377,T2
2378,T2
2379,T3
2380,T1
2381,T2
2382,T3
2383,T1
2384,T1
2385,T3
2386,T1
2387,T3
2388,T3
2389,T1
2390,T4
2391,T4
2392,T2
2393,T1
2394,T1
2395,T2
2396,T1
2397,T2
2398,T4
2399,T1
2400,T3
2401,T1
2402,T2
2403,T4
2405,T2
2406,T2
2407,T1
2408,T3
2409,T1
2410,T3
2411,T4
2412,T3
2413,T4
2414,T3
2415,T4
2416,T2
2417,T1
2418,T3
2419,T2
2420,T1
2421,T4
2422,T4
2423,T4
2424,T4
2425,T4
2426,T4
2427,T3
2428,T3
2429,T3
2430,T3
2431,T4
2432,T3
2433,T4
2434,T2
2436,T1
2437,T1
2438,T3
2439,T4
2440,T3
2441,T4
2442,T2
2443,T3
2444,T1
2445,T1
2446,T4
2447,T4
2448,T2
2449,T3
2450,T3
2451,T2
2452,T3
2453,T3
2454,T1
2456,T1
2457,T3
2458,T4
2459,T3
2460,T1
2461,T2
2462,T2
2463,T4
2464,T4
2465,T4
2466,T3
2467,T1
2468,T3
2469,T4
2470,T1
2471,T2
2472,T2
2473,T2
2474,T2
2475,T3
2476,T3
2477,T4
2478,T3
2479,T2
2480,T1
2481,T2
2482,T3
2483,T1
2484,T4
2485,T4
2486,T2
2487,T2
2488,T4
2489,T3
2490,T3
2492,T3
2493,T3
2494,T1
2495,T3
2496,T1
2497,T3
2498,T4
2500,T2
2502,T4
2503,T4
2504,T3
2505,T2
2506,T2
2507,T3
2508,T2
2510,T4
2511,T4
2512,T1
2513,T3
2514,T1
2515,T4
2516,T4
2517,T1
2518,T1
2519,T4
2520,T3
2521,T2
2522,T3
2523,T1
2524,T4
2525,T3
2526,T1
2527,T2
2528,T2
2529,T1
2530,T4
2531,T2
2532,T2
2533,T3
2534,T3
2535,T3
2536,T2
2537,T3
2538,T4
2539,T2
2540,T2
2541,T1
2542,T1
2543,T3
2544,T4
2545,T2
2546,T1
2547,T3
2548,T4
2549,T3
2550,T4
2551,T4
2552,T2
2553,T4
2554,T1
2555,T3
2556,T1
2557,T3
2558,T4
2559,T1
2561,T4
2562,T4
2564,T4
2565,T4
2566,T3
2567,T4
2568,T3
2569,T1
2570,T2
2571,T3
2572,T3
2573,T4
2574,T1
2575,T2
2576,T3
2577,T3
2578,T2
2579,T4
2580,T3
2581,T3
2582,T3
2583,T1
2584,T3
2585,T4
2587,T1
2588,T2
2589,T1
2590,T3
2592,T4
2593,T3
2594,T4
2595,T4
2596,T2
2597,T4
2598,T3
2599,T1
2600,T2
2601,T3
2602,T3
2603,T2
2604,T2
2605,T3
2606,T3
2607,T1
2608,T4
2609,T3
2610,T2
2611,T4
2612,T2
2613,T4
2614,T3
2615,T3
2616,T1
2617,T3
2618,T2
2619,T4
2620,T3
2621,T1
2622,T4
2623,T4
2624,T3
2625,T4
2627,T1
2628,T3
2629,T2
2630,T3
2631,T4
2632,T3
2633,T3
2634,T2
2635,T2
2636,T2
2637,T4
2638,T4
2639,T3
2640,T3
2641,T4
2642,T2
2643,T4
2644,T3
2645,T3
2646,T1
2647,T3
2648,T4
2649,T1
2650,T3
2651,T3
2652,T3
2653,T1
2654,T4
2655,T1
2656,T4
2658,T3
2659,T3
2660,T2
2661,T3
2662,T2
2663,T3
2664,T4
2665,T3
2666,T4
2667,T1
2668,T2
2669,T3
2670,T4
2671,T2
2672,T4
2673,T2
2674,T1
2675,T4
2676,T4
2677,T3
2678,T2
2679,T4
2680,T3
2681,T3
2682,T1
2683,T3
2684,T3
2685,T1
2686,T2
2687,T1
2688,T4
2689,T2
2690,T4
2691,T2
2692,T2
2693,T1
2694,T4
2695,T4
2696,T3
2697,T3
2698,T4
2699,T1
2700,T4
2701,T1
2702,T3
2703,T2
2704,T1
2705,T4
2706,T4
2707,T2
2709,T4
2711,T4
2712,T1
2713,T3
2714,T1
2715,T3
2716,T3
2717,T3
2718,T4
2719,T1
2720,T3
2721,T3
2722,T1
2723,T1
2724,T4
2725,T4
2726,T3
2727,T2
2728,T4
2729,T3
2730,T3
2731,T4
2732,T4
2733,T3
2734,T4
2735,T3
2736,T3
2737,T2
2738,T3
2739,T4
2740,T4
2741,T4
2742,T3
2743,T4
2744,T3
2745,T3
2746,T3
2747,T4
2748,T4
2749,T4
2750,T2
2751,T3
2752,T3
2753,T3
2754,T1
2755,T4
2756,T3
2757,T3
2758,T1
2759,T4
2760,T3
2761,T4
2762,T4
2763,T1
2764,T1
2765,T3
2766,T3
2767,T1
2768,T4
2769,T2
2770,T4
2772,T3
2773,T3
2774,T4
2776,T4
2777,T1
2778,T3
2779,T4
2780,T3
2781,T3
2782,T1
2784,T2
2785,T2
2786,T4
2787,T4
2788,T1
2789,T3
2790,T2
2791,T4
2792,T4
2793,T4
2794,T4
2795,T4
2796,T2
2797,T4
2798,T3
2799,T2
2800,T1
2801,T1
2802,T4
2803,T3
2804,T3
2805,T2
2806,T3
2807,T2
2808,T4
2809,T4
2810,T3
2811,T4
2812,T2
2813,T2
2814,T3
2815,T1
2816,T4
2818,T4
2819,T3
2820,T3
2821,T3
2822,T4
2823,T3
2824,T2
2825,T1
2826,T2
2827,T3
2828,T3
2829,T1
2830,T2
2831,T1
2832,T3
2833,T2
2834,T2
2835,T4
2836,T2
2837,T4
2838,T4
2839,T2
2840,T1
2841,T1
2842,T4
2843,T2
2844,T4
2845,T4
2846,T1
2847,T3
2848,T1
2849,T2
2850,T4
2851,T2
2852,T1
2853,T1
2854,T1
2855,T4
2856,T2
2857,T2
2858,T2
2859,T4
2860,T2
2861,T3
2862,T1
2863,T3
2864,T4
2865,T1
2866,T3
2867,T4
2869,T2
2871,T2
2872,T4
2875,T4
2876,T2
2877,T1
2878,T3
2879,T1
2880,T2
2881,T3
2882,T3
2883,T1
2884,T3
2885,T3
2886,T2
2887,T4
2888,T2
2889,T4
2890,T4
2891,T2
2892,T2
2894,T1
2895,T2
2896,T3
2898,T1
2899,T2
2900,T1
2901,T2
2902,T3
2903,T1
2904,T4
2905,T3
2906,T1
2908,T4
2909,T2
2910,T3
2911,T3
2912,T4
2913,T3
2914,T2
2915,T1
2916,T3
2917,T3
2918,T2
2920,T4
2921,T1
2922,T1
2923,T4
2924,T3
2925,T3
2926,T1
2927,T1
2928,T2
2929,T3
2930,T4
2931,T4
2932,T3
2933,T4
2934,T3
2935,T2
2936,T1
2937,T1
2938,T2
2939,T1
2940,T2
2941,T1
2943,T4
2945,T4
2946,T4
2947,T3
2948,T3
2949,T4
2950,T1
2951,T1
2952,T1
2954,T1
2955,T3
2956,T3
2957,T4
2958,T2
2959,T2
2960,T2
2961,T3
2962,T2
2963,T1
2964,T4
2965,T2
2966,T1
2967,T1
2968,T2
2969,T1
2970,T1
2972,T3
2973,T2
2974,T1
2975,T3
2976,T3
2977,T4
2978,T1
2979,T4
2980,T4
2981,T2
2982,T3
2983,T2
2984,T3
2985,T3
2986,T4
2987,T1
2988,T3
2989,T2
2990,T3
2991,T1
2992,T3
2993,T3
2994,T2
2995,T3
2996,T1
2997,T3
2998,T1
2999,T2
3000,T3
3001,T3
3002,T2
3003,T4
3004,T2
3005,T1
3006,T3
3007,T2
3008,T3
3009,T1
3010,T1
3011,T3
3012,T3
3013,T4
3014,T4
3015,T4
3016,T3
3017,T3
3019,T3
3021,T3
3022,T2
3023,T2
3024,T4
3026,T2
3027,T1
3028,T1
3029,T3
3030,T3
3031,T2
3032,T1
3033,T3
3034,T1
3035,T2
3036,T4
3037,T3
3038,T3
3039,T2
3040,T3
3041,T1
3042,T3
3043,T1
3044,T3
3045,T3
3046,T4
3047,T4
3048,T1
3050,T3
3051,T2
3052,T3
3054,T1
3055,T4
3056,T1
3057,T3
3058,T2
3059,T3
3060,T3
3061,T4
3062,T2
3063,T2
3064,T1
3065,T3
3066,T1
3067,T1
3069,T4
3070,T4
3071,T3
3073,T4
3074,T3
3075,T1
3076,T1
3077,T4
3078,T4
3079,T4
3080,T2
3081,T4
3082,T4
3083,T1
3084,T1
3085,T1
3086,T1
3087,T2
3088,T2
3089,T4
3090,T2
3091,T4
3092,T1
3093,T4
3094,T2
3095,T3
3096,T2
3097,T1
3098,T1
3099,T4
3100,T3
3101,T3
3102,T3
3103,T2
3104,T2
3105,T2
3106,T3
3107,T3
3108,T4
3109,T3
3110,T3
3111,T3
3112,T2
3114,T1
3115,T2
3116,T4
3117,T2
3118,T4
3119,T3
3120,T4
3121,T4
3122,T4
3123,T2
3124,T3
3125,T1
3126,T3
3127,T3
3129,T1
3130,T3
3131,T2
3132,T4
3133,T2
3134,T4
3135,T4
3136,T4
3137,T4
3138,T3
3139,T2
3140,T2
3141,T2
3142,T2
3143,T3
3144,T3
3145,T2
3146,T4
3147,T3
3148,T4
3149,T3
3150,T4
3151,T2
3152,T2
3153,T4
3154,T3
3155,T4
3156,T2
3157,T4
3158,T3
3159,T2
3160,T3
3161,T1
3162,T4
3163,T2
3165,T3
3166,T4
3167,T1
3168,T3
3170,T3
3171,T3
3172,T4
3173,T2
3174,T1
3175,T1
3176,T3
3177,T3
3178,T4
3179,T2
3180,T2
3181,T3
3182,T1
3183,T4
3184,T4
3185,T4
3186,T3
3187,T3
3188,T1
3189,T4
3190,T4
3191,T4
3192,T3
3193,T2
3194,T1
3195,T3
3196,T2
3197,T3
3198,T2
3199,T1
3200,T3
3201,T3
3202,T3
3203,T3
3204,T4
3205,T4
3206,T1
3207,T1
3208,T2
3210,T4
3211,T2
3213,T2
3214,T3
3215,T3
3216,T3
3217,T4
3218,T3
3219,T4
3220,T3
3221,T4
3222,T1
3223,T4
3224,T4
3226,T2
3227,T2
3228,T3
3229,T3
3230,T1
3231,T4
3232,T4
3233,T4
3234,T3
3235,T2
3236,T3
3237,T4
3238,T1
3239,T3
3240,T3
3241,T1
3242,T4
3243,T1
3244,T1
3245,T4
3246,T2
3247,T1
3248,T4
3249,T2
3250,T3
3252,T3
3253,T2
3254,T4
3255,T3
3258,T4
3259,T3
3260,T4
3261,T1
3262,T4
3263,T1
3265,T4
3266,T1
3267,T3
3268,T3
3269,T3
3270,T4
3271,T4
3272,T3
3273,T3
3274,T3
3275,T1
3276,T2
3277,T4
3278,T1
3279,T4
3281,T4
3282,T3
3284,T1
3285,T1
3286,T4
3287,T4
3288,T1
3289,T2
3290,T1
3291,T2
3292,T4
3293,T1
3294,T4
3296,T3
3297,T3
3298,T4
3299,T1
3300,T3
3301,T1
3302,T4
3303,T3
3304,T2
3305,T4
3306,T3
3307,T1
3308,T2
3309,T4
3310,T3
3311,T2
3312,T2
3313,T3
3314,T4
3315,T1
3316,T2
3317,T3
3318,T4
3319,T3
3320,T4
3321,T1
3322,T1
3323,T1
3324,T4
3325,T4
3326,T2
3327,T4
3328,T4
3329,T3
3330,T3
3331,T3
3332,T1
3333,T1
3334,T3
3335,T3
3336,T4
3337,T3
3338,T1
3339,T4
3340,T3
3341,T4
3342,T3
3343,T3
3344,T1
3345,T3
3346,T3
3347,T3
3348,T4
3349,T1
3350,T4
3351,T1
3352,T4
3354,T4
3355,T1
3356,T1
3357,T2
3358,T4
3359,T1
3360,T2
3361,T4
3362,T4
3363,T4
3364,T1
3365,T3
3367,T4
3368,T4
3369,T1
3370,T1
3371,T4
3372,T1
3373,T1
3374,T4
3375,T4
3376,T3
3377,T3
3378,T1
3379,T2
3380,T3
3381,T4
3383,T1
3384,T1
3385,T1
3386,T1
3387,T1
3388,T3
3389,T3
3390,T3
3391,T4
3392,T3
3393,T4
3394,T4
3395,T4
3396,T3
3397,T3
3398,T1
3399,T3
3400,T2
3401,T2
3402,T1
3403,T3
3404,T1
3405,T2
3406,T2
3407,T4
3408,T4
3409,T1
3410,T1
3411,T3
3412,T3
3413,T1
3414,T2
3415,T1
3416,T3
3417,T3
3418,T3
3419,T2
3420,T3
3421,T4
3422,T3
3423,T1
3424,T1
3425,T3
3426,T3
3427,T4
3428,T3
3429,T4
3430,T2
3431,T3
3432,T3
3433,T4
3435,T1
3437,T3
3438,T3
3439,T3
3441,T4
3442,T4
3443,T4
3444,T2
3445,T4
3446,T2
3447,T1
3448,T1
3449,T2
3450,T3
3451,T3
3452,T1
3453,T1
3454,T3
3455,T4
3456,T1
3457,T1
3458,T4
3459,T3
3460,T3
3461,T1
3462,T4
3463,T1
3464,T4
3465,T4
3466,T3
3467,T4
3468,T1
3469,T3
3470,T4
3471,T1
3472,T2
3473,T3
3474,T2
3475,T2
3476,T4
3477,T1
3478,T2
3479,T1
3480,T4
3481,T4
3482,T4
3483,T3
3484,T4
3485,T3
3486,T4
3487,T1
3488,T4
3489,T2
3490,T1
3491,T3
3492,T1
3493,T4
3494,T4
3495,T3
3496,T3
3497,T3
3498,T4
3499,T3
3500,T1
3501,T4
3502,T4
3503,T4
3504,T2
3505,T3
3506,T3
3507,T2
3508,T2
3509,T4
3510,T3
3511,T3
3512,T4
3513,T2
3514,T3
3515,T2
3516,T2
3517,T4
3521,T3
3522,T2
3523,T1
3524,T4
3525,T3
3527,T1
3529,T1
3530,T4
3531,T4
3532,T3
3533,T3
3534,T3
3535,T1
3536,T4
3537,T3
3538,T1
3539,T2
3540,T3
3541,T3
3542,T4
3543,T3
3544,T1
3545,T2
3546,T1
3547,T1
3548,T4
3549,T4
3551,T3
3552,T4
3553,T3
3554,T4
3555,T3
3556,T1
3557,T3
3558,T3
3559,T4
3560,T1
3561,T4
3562,T2
3563,T2
3564,T4
3565,T4
3566,T3
3567,T2
3568,T3
3569,T3
3570,T4
3571,T3
3572,T2
3573,T1
3574,T1
3575,T2
3576,T1
3577,T1
3578,T2
3579,T4
3580,T4
3581,T4
3582,T1
3583,T3
3584,T4
3585,T3
3586,T3
3587,T2
3588,T4
3590,T2
3591,T3
3592,T3
3593,T4
3594,T3
3595,T4
3596,T1
3597,T2
3598,T4
3599,T3
3600,T2
3601,T3
3602,T3
3603,T4
3604,T3
3605,T1
3606,T3
3607,T3
3608,T1
3609,T4
3610,T1
3611,T3
3612,T4
3613,T2
3614,T4
3616,T2
3618,T4
3619,T4
3620,T3
3621,T1
3623,T4
3625,T3
3626,T4
3627,T2
3628,T1
3629,T4
3631,T1
3632,T4
3633,T2
3634,T3
3635,T2
3636,T2
3637,T4
3638,T4
3639,T4
3640,T3
3641,T3
3642,T1
3643,T4
3644,T2
3645,T3
3646,T3
3647,T3
3648,T4
3649,T3
3650,T1
3651,T3
3652,T4
3653,T4
3654,T4
3655,T2
3656,T4
3657,T1
3658,T1
3659,T1
3660,T3
3661,T3
3663,T1
3664,T4
3665,T2
3666,T1
3667,T4
3669,T1
3670,T1
3671,T1
3672,T4
3673,T1
3674,T3
3675,T4
3676,T3
3677,T3
3678,T1
3679,T3
3680,T1
3681,T3
3683,T4
3684,T4
3685,T1
3686,T1
3687,T1
3688,T4
3689,T3
3690,T3
3691,T3
3692,T2
3693,T3
3694,T4
3695,T2
3696,T4
3699,T1
3700,T3
3701,T2
3702,T4
3703,T3
3704,T4
3705,T3
3706,T2
3707,T1
3708,T1
3709,T4
3710,T3
3711,T1
3712,T2
3713,T2
3714,T3
3715,T2
3717,T3
3719,T3
3720,T3
3721,T3
3722,T2
3723,T3
3724,T4
3725,T4
3726,T3
3728,T4
3729,T4
3730,T1
3731,T2
3732,T3
3733,T4
3734,T1
3735,T2
3736,T2
3737,T2
3738,T2
3739,T4
3740,T4
3742,T4
3743,T2
3744,T1
3745,T3
3746,T3
3747,T3
3748,T3
3749,T3
3750,T2
3751,T1
3752,T3
3753,T3
3754,T3
3755,T2
3757,T3
3759,T4
3760,T3
3762,T4
3763,T4
3764,T2
3765,T2
3766,T3
3767,T1
3768,T1
3769,T1
3770,T2
3771,T3
3772,T3
3773,T3
3774,T3
3776,T4
3777,T4
3778,T1
3779,T3
3780,T2
3781,T4
3782,T2
3783,T2
3784,T3
3785,T2
3786,T4
3787,T3
3788,T2
3789,T3
3790,T4
3791,T2
3792,T4
3793,T3
3794,T2
3795,T3
3796,T1
3797,T4
3798,T1
3799,T3
3800,T2
3801,T4
3802,T2
3803,T1
3804,T3
3805,T3
3806,T4
3807,T4
3808,T3
3809,T1
3810,T4
3811,T1
3812,T4
3813,T2
3814,T4
3815,T2
3816,T3
3818,T3
3819,T4
3820,T2
3821,T3
3822,T3
3823,T4
3824,T1
3825,T3
3826,T3
3827,T4
3828,T3
3829,T3
3830,T1
3831,T3
3832,T1
3833,T4
3834,T2
3835,T3
3836,T3
3837,T2
3838,T1
3839,T2
3840,T4
3841,T3
3842,T1
3843,T3
3844,T1
3845,T4
3846,T1
3847,T3
3849,T4
3850,T4
3851,T4
3852,T4
3853,T1
3854,T2
3855,T1
3856,T4
3857,T2
3858,T3
3859,T1
3860,T4
3861,T4
3862,T3
3863,T4
3864,T2
3865,T2
3866,T4
3867,T3
3868,T3
3869,T2
3870,T3
3871,T4
3872,T4
3873,T4
3874,T4
3875,T2
3878,T3
3879,T1
3880,T4
3881,T1
3882,T4
3883,T3
3884,T4
3885,T4
3887,T2
3888,T4
3889,T1
3890,T2
3891,T3
3892,T1
3893,T3
3894,T4
3895,T3
3896,T4
3897,T3
3898,T2
3899,T3
3901,T2
3902,T3
3903,T1
3905,T1
3906,T4
3908,T3
3909,T1
3910,T2
3911,T2
3912,T2
3913,T4
3914,T3
3915,T3
3916,T3
3917,T4
3918,T1
3919,T3
3922,T4
3923,T3
3924,T2
3925,T2
3926,T4
3927,T1
3929,T3
3930,T3
3931,T4
3932,T3
3933,T3
3934,T1
3935,T1
3936,T2
3937,T3
3938,T2
3940,T3
3941,T3
3942,T4
3943,T3
3944,T4
3945,T3
3946,T4
3947,T4
3948,T4
3949,T2
3950,T1
3951,T2
3952,T4
3954,T4
3955,T1
3956,T1
3957,T3
3958,T2
3959,T2
3960,T4
3961,T3
3962,T4
3963,T3
3964,T3
3965,T4
3966,T3
3967,T3
3968,T3
3970,T4
3971,T1
3972,T1
3973,T2
3974,T2
3975,T2
3976,T2
3977,T1
3978,T1
3979,T3
3980,T4
3981,T3
3982,T2
3983,T2
3984,T3
3985,T2
3986,T2
3987,T1
3988,T4
3989,T1
3990,T1
3991,T1
3992,T3
3993,T2
3994,T2
3995,T2
3996,T3
3997,T2
3998,T4
3999,T4
4000,T2
4001,T4
4002,T1
4003,T1
4004,T3
4005,T2
4006,T4
4007,T4
4008,T4
4009,T3
4010,T2
4011,T3
4012,T2
4013,T3
4014,T3
4015,T4
4017,T4
4018,T4
4019,T4
4020,T4
4021,T4
4022,T3
4023,T4
4024,T2
4025,T4
4026,T3
4027,T2
4028,T3
4029,T2
4030,T4
4031,T4
4032,T3
4033,T2
4034,T4
4035,T2
4036,T3
4037,T2
4038,T1
4039,T2
4040,T1
4041,T2
4042,T4
4044,T2
4045,T1
4046,T1
4047,T3
4048,T4
4049,T2
4050,T4
4051,T3
4052,T3
4053,T4
4054,T3
4055,T3
4056,T3
4057,T3
4060,T2
4061,T2
4062,T4
4063,T2
4064,T3
4065,T2
4066,T2
4067,T1
4068,T3
4069,T1
4070,T4
4071,T3
4072,T1
4073,T1
4074,T2
4075,T1
4076,T2
4077,T3
4078,T3
4079,T3
4080,T4
4081,T3
4082,T2
4083,T4
4084,T1
4086,T2
4087,T4
4088,T3
4089,T1
4090,T2
4091,T1
4092,T4
4093,T1
4094,T3
4095,T3
4096,T4
4097,T1
4098,T1
4099,T1
4100,T4
4101,T2
4102,T3
4103,T2
4104,T2
4105,T3
4106,T4
4107,T1
4108,T3
4109,T4
4110,T2
4111,T2
4112,T4
4113,T4
4114,T2
4115,T3
4116,T3
4117,T2
4118,T2
4120,T4
4122,T2
4123,T4
4124,T4
4125,T4
4126,T3
4127,T4
4128,T2
4129,T3
4130,T3
4131,T2
4132,T2
4133,T1
4134,T4
4135,T1
4136,T3
4137,T3
4138,T1
4139,T1
4140,T1
4141,T1
4142,T3
4143,T4
4144,T3
4145,T1
4146,T2
4147,T4
4148,T2
4149,T3
4150,T3
4152,T4
4153,T4
4154,T3
4155,T3
4156,T3
4157,T3
4158,T4
4159,T3
4160,T1
4161,T4
4162,T4
4163,T4
4164,T3
4165,T1
4166,T4
4167,T3
4168,T2
4169,T2
4170,T1
4171,T1
4172,T3
4173,T4
4174,T3
4175,T3
4176,T3
4177,T4
4178,T2
4179,T3
4180,T1
4181,T4
4182,T2
4183,T3
4184,T3
4185,T3
4186,T4
4187,T3
4188,T4
4189,T4
4190,T2
4191,T3
4192,T4
4193,T4
4194,T4
4195,T4
4197,T2
4198,T4
4199,T4
4200,T2
4201,T3
4202,T4
4203,T4
4204,T4
4205,T3
4206,T4
4207,T2
4208,T3
4209,T1
4210,T2
4211,T2
4212,T2
4213,T3
4214,T3
4215,T3
4216,T3
4217,T1
4218,T4
4219,T3
4221,T2
4222,T4
4223,T2
4224,T1
4225,T4
4226,T4
4227,T3
4228,T3
4229,T3
4230,T4
4231,T1
4233,T4
4234,T1
4235,T3
4236,T1
4237,T2
4238,T3
4239,T2
4241,T3
4242,T1
4243,T4
4244,T3
4245,T3
4246,T2
4247,T3
4248,T3
4249,T1
4250,T1
4251,T1
4252,T1
4253,T3
4254,T1
4255,T3
4256,T1
4257,T4
4258,T4
4259,T1
4260,T4
4261,T1
4262,T4
4263,T1
4264,T3
4265,T4
4266,T4
4268,T3
4269,T1
4270,T3
4271,T3
4272,T3
4273,T4
4274,T3
4275,T1
4276,T2
4277,T3
4278,T2
4279,T2
4280,T4
4281,T1
4282,T3
4283,T1
4284,T2
4285,T4
4286,T3
4287,T2
4288,T1
4289,T1
4291,T3
4292,T3
4293,T2
4294,T2
4295,T4
4296,T2
4297,T4
4298,T2
4299,T2
4300,T1
4301,T3
4302,T4
4303,T3
4304,T3
4305,T1
4306,T2
4307,T2
4308,T1
4309,T3
4310,T4
4311,T3
4312,T4
4313,T4
4314,T2
4315,T3
4316,T4
4317,T2
4318,T2
4319,T4
4320,T4
4321,T2
4322,T4
4323,T2
4324,T4
4325,T2
4326,T3
4327,T4
4328,T1
4329,T1
4330,T3
4331,T3
4332,T2
4333,T3
4334,T2
4335,T4
4337,T3
4338,T2
4339,T1
4340,T3
4341,T3
4342,T4
4343,T3
4344,T1
4345,T4
4346,T4
4347,T2
4348,T2
4349,T1
4350,T2
4351,T4
4352,T3
4353,T1
4354,T2
4355,T3
4356,T3
4357,T4
4359,T3
4360,T4
4361,T2
4362,T2
4363,T4
4364,T3
4365,T3
4366,T1
4367,T3
4368,T2
4369,T2
4370,T4
4371,T3
4372,T2
4373,T2
4374,T3
4375,T4
4376,T3
4378,T3
4379,T3
4380,T1
4381,T4
4382,T4
4383,T1
4384,T3
4385,T4
4386,T3
4387,T4
4388,T4
4389,T4
4390,T4
4391,T3
4392,T4
4393,T3
4394,T2
4395,T4
4396,T4
4397,T2
4398,T4
4399,T4
4400,T4
4401,T1
4402,T3
4403,T3
4404,T3
4405,T2
4406,T3
4407,T1
4408,T4
4409,T3
4410,T3
4411,T2
4412,T3
4413,T1
4414,T3
4415,T1
4416,T4
4417,T3
4418,T3
4419,T3
4421,T4
4422,T1
4423,T3
4424,T2
4425,T4
4426,T3
4427,T4
4428,T3
4429,T1
4430,T2
4431,T3
4432,T2
4433,T3
4434,T2
4435,T3
4436,T2
4437,T4
4439,T1
4440,T3
4441,T4
4442,T1
4443,T3
4444,T3
4446,T4
4447,T1
4448,T3
4449,T3
4450,T1
4451,T3
4452,T2
4453,T2
4454,T1
4455,T3
4456,T1
4457,T2
4458,T1
4459,T4
4460,T4
4461,T1
4462,T3
4463,T1
4464,T3
4465,T2
4466,T1
4467,T3
4468,T3
4469,T3
4470,T2
4471,T2
4472,T2
4473,T3
4474,T3
4475,T4
4476,T4
4477,T4
4478,T1
4479,T1
4481,T1
4482,T2
4483,T3
4484,T4
4486,T3
4487,T2
4488,T3
4489,T3
4490,T4
4491,T2
4492,T1
4493,T2
4494,T1
4495,T1
4496,T3
4497,T1
4498,T3
4499,T3
4500,T4
4501,T2
4502,T3
4503,T3
4504,T3
4505,T2
4506,T4
4507,T2
4508,T4
4509,T2
4510,T3
4511,T4
4512,T2
4513,T3
4516,T3
4517,T4
4518,T3
4519,T4
4520,T4
4521,T4
4522,T4
4523,T3
4524,T3
4526,T1
4527,T2
4528,T2
4529,T4
4530,T4
4531,T3
4532,T4
4533,T3
4534,T4
4535,T3
4536,T2
4537,T3
4538,T1
4539,T4
4540,T3
4541,T1
4544,T1
4545,T4
4546,T4
4547,T3
4548,T2
4549,T3
4550,T3
4551,T1
4552,T2
4553,T1
4554,T2
4555,T2
4556,T4
4557,T3
4558,T3
4559,T3
4560,T1
4561,T3
4562,T4
4563,T2
4564,T4
4565,T3
4566,T4
4567,T3
4568,T4
4569,T4
4570,T2
4571,T4
4573,T3
4574,T3
4575,T4
4576,T3
4577,T3
4578,T1
4579,T1
4580,T4
4581,T1
4582,T4
4583,T3
4584,T2
4586,T3
4587,T3
4588,T2
4589,T2
4590,T3
4591,T3
4592,T3
4593,T3
4594,T3
4595,T1
4596,T4
4597,T4
4598,T2
4599,T3
4600,T1
4601,T1
4602,T3
4603,T3
4604,T4
4605,T2
4608,T4
4609,T2
4610,T4
4611,T1
4612,T2
4613,T3
4614,T2
4615,T3
4616,T2
4617,T2
4618,T2
4619,T4
4620,T2
4621,T2
4622,T1
4623,T3
4624,T2
4625,T3
4626,T3
4627,T1
4628,T3
4629,T4
4630,T1
4631,T3
4632,T2
4633,T3
4635,T3
4636,T2
4638,T1
4639,T2
4640,T3
4641,T2
4642,T2
4643,T2
4644,T1
4645,T2
4646,T3
4647,T1
4648,T3
4649,T2
4650,T3
4651,T3
4653,T1
4654,T3
4655,T2
4656,T2
4657,T3
4658,T2
4659,T2
4660,T3
4661,T4
4662,T1
4663,T2
4664,T1
4665,T2
4666,T2
4667,T2
4668,T4
4669,T4
4670,T2
4671,T4
4672,T2
4673,T2
4674,T3
4675,T1
4676,T3
4677,T2
4678,T3
4679,T1
4680,T2
4681,T3
4682,T1
4683,T4
4684,T3
4685,T4
4686,T2
4687,T1
4688,T1
4689,T3
4691,T2
4692,T3
4693,T2
4694,T3
4695,T4
4696,T3
4697,T4
4698,T2
4699,T3
4701,T4
4702,T1
4703,T4
4704,T4
4706,T2
4707,T3
4708,T2
4709,T3
4710,T2
4711,T3
4712,T4
4713,T1
4714,T3
4715,T1
4716,T2
4717,T1
4718,T4
4719,T2
4721,T2
4722,T2
4723,T4
4724,T2
4725,T3
4727,T1
4728,T3
4729,T2
4730,T4
4731,T4
4732,T4
4733,T3
4734,T3
4735,T2
4737,T2
4738,T4
4739,T3
4740,T1
4741,T4
4742,T2
4743,T2
4744,T4
4745,T3
4746,T3
4747,T3
4748,T2
4749,T3
4750,T1
4751,T3
4752,T2
4753,T3
4754,T4
4755,T4
4756,T2
4757,T3
4758,T1
4759,T3
4761,T2
4762,T3
4763,T1
4764,T3
4765,T3
4767,T4
4768,T3
4769,T2
4770,T2
4771,T4
4772,T2
4773,T3
4774,T2
4775,T4
4776,T3
4777,T1
4779,T2
4780,T3
4781,T1
4782,T4
4783,T3
4784,T2
4785,T2
4786,T3
4787,T3
4788,T3
4789,T2
4790,T4
4791,T3
4792,T3
4793,T3
4794,T4
4795,T3
4796,T1
4797,T1
4798,T4
4799,T3
4800,T1
4801,T3
4802,T2
4803,T1
4804,T3
4805,T1
4806,T4
4807,T2
4808,T3
4809,T3
4810,T3
4811,T4
4812,T4
4813,T2
4814,T3
4815,T4
4816,T2
4817,T1
4818,T4
4819,T1
4820,T3
4822,T3
4824,T2
4825,T3
4826,T2
4827,T3
4828,T3
4829,T2
4830,T2
4831,T3
4832,T2
4833,T3
4834,T4
4835,T3
4836,T2
4837,T1
4838,T2
4839,T4
4841,T3
4843,T4
4845,T1
4846,T3
4847,T3
4848,T2
4849,T3
4850,T3
4851,T3
4852,T1
4853,T4
4854,T3
4855,T4
4856,T3
4857,T4
4858,T2
4859,T1
4860,T4
4861,T1
4862,T3
4863,T3
4864,T4
4865,T4
4866,T3
4867,T3
4868,T3
4869,T3
4870,T3
4871,T1
4872,T4
4873,T1
4874,T3
4875,T1
4876,T1
4877,T2
4878,T1
4879,T1
4880,T2
4882,T2
4883,T4
4884,T3
4885,T2
4886,T1
4887,T3
4888,T2
4889,T2
4890,T4
4891,T4
4892,T3
4893,T3
4894,T4
4895,T2
4896,T2
4897,T1
4898,T4
4899,T2
4900,T1
4901,T4
4902,T3
4903,T3
4904,T4
4905,T3
4906,T3
4907,T3
4908,T3
4909,T3
4910,T2
4911,T1
4912,T3
4913,T3
4914,T1
4915,T2
4916,T4
4917,T3
4918,T3
4919,T2
4920,T3
4921,T4
4922,T1
4923,T3
4924,T1
4925,T1
4926,T1
4927,T3
4928,T2
4929,T1
4930,T3
4931,T3
4932,T4
4933,T2
4934,T4
4935,T4
4936,T4
4937,T4
4938,T2
4940,T2
4941,T4
4942,T4
4943,T1
4944,T4
4945,T4
4946,T3
4947,T3
4949,T3
4950,T1
4951,T3
4952,T1
4953,T2
4954,T3
4955,T3
4956,T1
4957,T3
4958,T2
4959,T1
4960,T4
4961,T3
4962,T1
4963,T3
4964,T4
4966,T1
4967,T4
4968,T1
4969,T2
4970,T3
4971,T4
4972,T1
4973,T4
4974,T4
4975,T3
4976,T1
4977,T1
4978,T2
4980,T3
4981,T3
4982,T4
4983,T3
4984,T4
4985,T1
4986,T4
4987,T3
4988,T3
4989,T3
4990,T1
4991,T1
4992,T2
4993,T1
4995,T2
4996,T3
4997,T3
4998,T2
4999,T1
5000,T4
5001,T1
5002,T1
5003,T4
5004,T3
5005,T4
5006,T3
5007,T1
5008,T4
5009,T3
5011,T3
5012,T1
5013,T1
5014,T2
5015,T3
5016,T4
5017,T2
5018,T3
5019,T4
5020,T4
5021,T2
5022,T3
5023,T4
5024,T1
5025,T2
5026,T4
5027,T1
5028,T4
5029,T3
5030,T2
5031,T2
5032,T4
5033,T1
5034,T3
5035,T1
5036,T2
5037,T3
5038,T4
5039,T4
5040,T4
5041,T3
5042,T4
5043,T4
5044,T1
5045,T1
5046,T2
5047,T4
5048,T4
5049,T4
5050,T1
5051,T4
5052,T3
5053,T3
5054,T3
5055,T1
5056,T4
5057,T3
5058,T4
5059,T3
5060,T4
5061,T4
5062,T2
5063,T3
5065,T1
5066,T2
5067,T3
5068,T2
5069,T3
5070,T1
5071,T1
5072,T3
5073,T4
5074,T1
5075,T2
5076,T3
5077,T2
5078,T3
5079,T4
5080,T3
5081,T4
5083,T4
5084,T3
5085,T4
5086,T1
5087,T2
5088,T3
5089,T4
5090,T4
5091,T3
5092,T4
5093,T4
5094,T3
5095,T2
5096,T2
5097,T1
5098,T4
5099,T1
5100,T2
5101,T1
5102,T1
5103,T4
5104,T3
5105,T1
5106,T4
5107,T2
5108,T2
5109,T2
5110,T3
5111,T2
5113,T2
5114,T3
5115,T4
5116,T2
5117,T1
5118,T1
5119,T3
5120,T3
5121,T3
5122,T2
5123,T3
5124,T4
5125,T1
5126,T3
5127,T3
5128,T3
5129,T4
5130,T3
5131,T2
5132,T3
5133,T1
5134,T4
5135,T4
5136,T1
5137,T3
5138,T3
5139,T3
5140,T3
5141,T3
5142,T2
5143,T4
5144,T1
5145,T1
5146,T4
5147,T1
5149,T3
5150,T2
5151,T1
5152,T3
5153,T3
5154,T4
5155,T3
5156,T3
5157,T3
5158,T2
5159,T2
5160,T2
5161,T2
5162,T1
5163,T3
5164,T3
5165,T1
5166,T2
5167,T1
5168,T2
5169,T3
5170,T4
5171,T3
5172,T1
5173,T1
5174,T2
5175,T4
5176,T2
5177,T1
5178,T3
5179,T1
5180,T4
5181,T4
5182,T4
5183,T3
5184,T2
5185,T2
5186,T1
5187,T2
5188,T3
5189,T4
5190,T2
5191,T1
5192,T1
5193,T4
5194,T1
5195,T4
5196,T3
5197,T4
5198,T2
5199,T2
5200,T1
5202,T1
5203,T2
5204,T4
5205,T3
5206,T2
5207,T3
5208,T3
5209,T2
5210,T3
5211,T1
5212,T3
5213,T2
5214,T3
5215,T1
5216,T2
5217,T4
5218,T1
5219,T3
5220,T3
5221,T3
5222,T2
5223,T4
5224,T3
5225,T4
5226,T1
5227,T3
5228,T3
5229,T2
5230,T1
5231,T4
5232,T3
5233,T3
5234,T4
5235,T1
5236,T4
5237,T1
5239,T2
5240,T3
5241,T3
5242,T3
5243,T1
5244,T1
5245,T1
5247,T1
5249,T4
5250,T3
5251,T3
5252,T4
5253,T3
5254,T4
5255,T2
5256,T2
5257,T4
5258,T4
5259,T3
5260,T1
5261,T2
5262,T3
5263,T2
5264,T2
5265,T1
5266,T2
5267,T3
5268,T2
5269,T3
5270,T1
5271,T3
5272,T3
5273,T2
5274,T1
5275,T3
5276,T3
5277,T2
5278,T4
5279,T4
5280,T1
5281,T2
5282,T4
5283,T4
5284,T2
5285,T3
5286,T2
5287,T1
5288,T3
5289,T3
5290,T4
5291,T4
5292,T3
5293,T2
5294,T3
5295,T2
5296,T3
5297,T2
5298,T1
5300,T4
5301,T1
5302,T4
5303,T2
5304,T2
5305,T3
5306,T1
5307,T2
5308,T3
5309,T3
5310,T4
5311,T3
5312,T1
5314,T1
5315,T3
5316,T1
5317,T1
5318,T4
5319,T4
5320,T3
5321,T3
5322,T3
5323,T2
5324,T1
5325,T3
5327,T4
5328,T3
5329,T1
5330,T3
5331,T4
5332,T2
5333,T4
5334,T2
5335,T2
5336,T3
5337,T1
5338,T3
5339,T1
5340,T1
5341,T4
5342,T1
5343,T3
5344,T1
5345,T1
5346,T3
5347,T4
5348,T2
5349,T3
5350,T3
5351,T4
5352,T1
5353,T3
5354,T4
5356,T2
5357,T3
5358,T3
5359,T1
5360,T2
5361,T1
5362,T3
5364,T4
5365,T3
5366,T3
5367,T4
5368,T4
5369,T4
5370,T2
5371,T3
5372,T3
5373,T4
5374,T2
5375,T2
5376,T1
5377,T3
5378,T2
5379,T3
5380,T2
5381,T3
5382,T3
5383,T4
5384,T4
5385,T2
5386,T3
5387,T4
5388,T4
5389,T1
5390,T4
5391,T3
5392,T3
5393,T3
5394,T3
5395,T1
5396,T4
5398,T3
5399,T1
5400,T2
5401,T4
5402,T4
5403,T3
5404,T2
5405,T1
5406,T3
5407,T4
5408,T4
5409,T2
5410,T2
5412,T2
5413,T3
5414,T4
5415,T1
5416,T3
5417,T1
5418,T1
5419,T3
5420,T3
5421,T3
5423,T4
5424,T3
5425,T3
5426,T1
5427,T4
5428,T2
5429,T1
5430,T4
5431,T1
5432,T2
5433,T2
5434,T4
5435,T4
5436,T4
5437,T2
5438,T1
5439,T1
5440,T1
5442,T1
5443,T3
5444,T1
5445,T4
5446,T1
5447,T1
5448,T1
5449,T3
5450,T4
5451,T2
5452,T2
5453,T1
5454,T1
5455,T3
5456,T2
5457,T3
5458,T2
5459,T3
5460,T2
5461,T1
5462,T2
5463,T3
5464,T2
5465,T1
5466,T3
5467,T2
5468,T2
5469,T4
5470,T3
5471,T3
5472,T2
5475,T2
5476,T4
5477,T4
5479,T4
5480,T2
5481,T4
5482,T1
5483,T3
5484,T4
5485,T1
5486,T3
5487,T2
5488,T3
5489,T4
5490,T2
5491,T3
5492,T1
5493,T1
5494,T3
5495,T1
5496,T3
5497,T2
5498,T2
5499,T3
5500,T3
5501,T4
5502,T2
5503,T2
5504,T1
5505,T2
5506,T3
5508,T3
5509,T1
5510,T4
5511,T4
5512,T1
5513,T1
5514,T1
5515,T2
5516,T3
5517,T1
5518,T2
5519,T1
5521,T1
5522,T3
5523,T3
5524,T1
5525,T2
5526,T1
5527,T2
5528,T1
5529,T2
5530,T1
5531,T4
5532,T3
5533,T2
5534,T3
5535,T2
5536,T1
5537,T4
5538,T3
5539,T1
5540,T2
5541,T3
5542,T4
5543,T3
5544,T3
5545,T1
5546,T2
5547,T2
5548,T4
5549,T3
5550,T4
5551,T3
5552,T2
5553,T3
5554,T3
5556,T1
5557,T4
5558,T2
5559,T1
5560,T3
5561,T3
5562,T3
5563,T4
5564,T4
5565,T2
5566,T3
5567,T4
5568,T1
5569,T3
5570,T2
5571,T4
5572,T4
5573,T2
5575,T4
5576,T3
5577,T2
5578,T2
5579,T3
5581,T2
5582,T4
5583,T4
5584,T3
5585,T4
5586,T4
5587,T3
5588,T1
5589,T3
5590,T1
5591,T3
5592,T2
5593,T2
5594,T1
5595,T2
5596,T3
5597,T4
5598,T2
5599,T4
5600,T4
5601,T3
5602,T3
5603,T3
5605,T3
5606,T1
5607,T3
5609,T2
5610,T3
5611,T4
5612,T3
5613,T2
5614,T4
5615,T3
5616,T3
5617,T2
5618,T3
5619,T3
5620,T3
5621,T1
5622,T3
5623,T4
5624,T4
5625,T4
5626,T1
5627,T3
5628,T4
5629,T1
5630,T2
5631,T4
5632,T4
5633,T1
5634,T2
5635,T4
5636,T2
5637,T3
5638,T2
5639,T4
5640,T1
5641,T1
5642,T1
5643,T2
5644,T3
5645,T3
5646,T1
5647,T2
5648,T4
5649,T2
5650,T3
5651,T2
5652,T1
5653,T3
5654,T2
5655,T1
5656,T4
5657,T3
5658,T1
5659,T3
5660,T1
5661,T3
5662,T4
5663,T4
5664,T1
5665,T3
5666,T4
5667,T4
5668,T3
5669,T2
5670,T1
5671,T1
5672,T3
5673,T1
5674,T4
5675,T3
5676,T2
5677,T1
5678,T2
5679,T4
5680,T3
5681,T4
5682,T3
5683,T1
5684,T3
5686,T1
5687,T2
5688,T2
5689,T2
5690,T2
5691,T1
5692,T3
5693,T2
5694,T1
5695,T3
5696,T1
5697,T2
5698,T4
5699,T4
5700,T3
5701,T3
5702,T3
5703,T4
5704,T2
5705,T4
5706,T1
5707,T2
5708,T4
5709,T4
5710,T4
5711,T3
5713,T1
5714,T3
5715,T4
5716,T4
5717,T1
5718,T3
5719,T3
5720,T3
5721,T4
5722,T3
5724,T3
5725,T4
5726,T4
5727,T1
5728,T4
5729,T3
5730,T1
5731,T2
5732,T3
5733,T1
5734,T2
5735,T2
5736,T3
5737,T2
5738,T4
5739,T4
5740,T4
5742,T4
5743,T1
5744,T4
5745,T3
5746,T3
5747,T4
5748,T2
5749,T3
5750,T4
5751,T2
5752,T3
5753,T4
5754,T1
5755,T1
5756,T1
5757,T3
5759,T4
5760,T4
5761,T3
5762,T3
5763,T2
5764,T3
5765,T2
5766,T1
5767,T3
5768,T4
5769,T3
5770,T3
5771,T1
5772,T1
5774,T2
5775,T1
5776,T3
5777,T2
5778,T3
5779,T3
5780,T4
5781,T4
5782,T2
5783,T3
5784,T4
5785,T4
5786,T2
5787,T2
5788,T4
5789,T2
5790,T2
5792,T3
5793,T1
5794,T4
5795,T2
5796,T2
5797,T2
5798,T3
5799,T2
5800,T4
5801,T4
5802,T3
5803,T2
5804,T3
5805,T2
5806,T2
5807,T2
5808,T3
5809,T2
5810,T2
5811,T3
5812,T4
5813,T4
5814,T3
5815,T1
5816,T4
5817,T4
5818,T4
5819,T4
5820,T2
5821,T3
5822,T4
5823,T3
5824,T1
5825,T3
5826,T2
5827,T2
5828,T1
5829,T3
5830,T2
5831,T2
5832,T1
5833,T3
5834,T3
5835,T4
5836,T3
5837,T1
5838,T3
5839,T4
5840,T2
5842,T2
5843,T2
5844,T4
5845,T3
5846,T3
5847,T3
5848,T1
5849,T2
5850,T1
5851,T1
5852,T4
5853,T3
5854,T1
5855,T3
5857,T4
5858,T3
5859,T3
5860,T3
5861,T3
5862,T4
5863,T4
5864,T3
5865,T4
5866,T3
5867,T4
5868,T1
5869,T4
5870,T3
5871,T2
5872,T2
5873,T2
5875,T1
5876,T3
5877,T2
5878,T4
5879,T4
5880,T3
5881,T1
5882,T4
5883,T4
5884,T3
5885,T1
5886,T3
5887,T3
5888,T4
5889,T3
5890,T4
5891,T1
5892,T2
5893,T4
5894,T4
5895,T3
5896,T3
5897,T1
5898,T3
5899,T1
5900,T1
5901,T2
5902,T2
5903,T4
5904,T3
5905,T2
5906,T3
5907,T2
5908,T2
5909,T3
5910,T4
5911,T3
5912,T4
5913,T2
5914,T3
5915,T3
5916,T3
5917,T2
5918,T1
5919,T1
5920,T1
5921,T1
5922,T2
5923,T4
5924,T4
5925,T3
5926,T4
5927,T1
5928,T4
5930,T3
5931,T3
5932,T4
5933,T4
5934,T4
5935,T2
5936,T4
5937,T1
5938,T2
5939,T4
5940,T3
5941,T1
5942,T4
5943,T4
5946,T2
5947,T2
5948,T3
5949,T2
5950,T1
5951,T1
5952,T3
5953,T2
5954,T4
5955,T2
5956,T1
5957,T3
5958,T2
5959,T3
5960,T1
5961,T3
5962,T3
5964,T1
5965,T3
5966,T2
5967,T1
5968,T1
5970,T1
5971,T4
5972,T4
5973,T3
5974,T1
5975,T2
5976,T3
5979,T4
5980,T3
5981,T1
5982,T3
5983,T1
5985,T4
5986,T3
5987,T4
5988,T1
5989,T3
5990,T3
5991,T3
5992,T4
5993,T1
5994,T3
5995,T4
5996,T2
5997,T3
5998,T2
5999,T1
6000,T2
6001,T3
6002,T1
6003,T3
6004,T1
6005,T2
6006,T1
6007,T3
6008,T2
6009,T4
6010,T2
6011,T4
6012,T4
6013,T1
6014,T3
6015,T3
6016,T4
6018,T1
6019,T3
6020,T4
6021,T1
6022,T4
6023,T1
6025,T4
6026,T1
6027,T3
6028,T3
6029,T4
6030,T1
6031,T4
6032,T3
6033,T3
6034,T3
6035,T3
6036,T2
6037,T4
6038,T3
6039,T1
6040,T3
6041,T4
6043,T2
6044,T2
6046,T3
6047,T1
6048,T1
6049,T1
6050,T2
6051,T4
6052,T4
6053,T1
6054,T3
6055,T4
6056,T1
6057,T4
6058,T1
6059,T4
6060,T1
6061,T1
6063,T2
6065,T1
6066,T1
6067,T3
6068,T4
6069,T3
6070,T4
6071,T3
6072,T3
6073,T4
6075,T4
6076,T1
6077,T2
6078,T4
6079,T4
6080,T4
6081,T3
6082,T3
6083,T3
6084,T3
6085,T2
6086,T4
6088,T3
6089,T1
6090,T1
6092,T2
6093,T2
6095,T4
6096,T1
6097,T1
6098,T1
6099,T2
6100,T2
6101,T2
6102,T3
6103,T4
6104,T3
6105,T4
6106,T1
6107,T3
6108,T1
6109,T1
6110,T4
6111,T1
6112,T2
6113,T4
6114,T1
6115,T3
6116,T3
6118,T4
6119,T4
6120,T3
6121,T1
6122,T2
6123,T1
6125,T1
6126,T2
6127,T4
6128,T1
6129,T2
6130,T4
6131,T1
6133,T1
6134,T4
6136,T2
6137,T4
6138,T3
6139,T3
6140,T2
6141,T1
6142,T4
6143,T3
6144,T1
6145,T4
6146,T4
6147,T2
6148,T2
6149,T1
6150,T4
6151,T3
6152,T1
6153,T1
6154,T3
6155,T4
6157,T1
6158,T4
6159,T4
6160,T4
6161,T4
6162,T3
6163,T2
6164,T1
6165,T2
6166,T4
6167,T2
6168,T1
6169,T4
6170,T3
6171,T4
6172,T2
6173,T2
6174,T1
6175,T4
6176,T1
6178,T2
6179,T3
6180,T2
6181,T3
6182,T4
6183,T3
6184,T4
6185,T1
6186,T2
6187,T1
6188,T3
6189,T2
6190,T2
6191,T1
6192,T3
6193,T1
6194,T1
6195,T3
6196,T4
6197,T3
6198,T4
6199,T3
6200,T3
6201,T3
6202,T3
6204,T3
6205,T2
6207,T1
6208,T2
6209,T1
6210,T1
6211,T3
6212,T1
6213,T3
6214,T1
6215,T3
6216,T3
6217,T3
6218,T1
6219,T2
6220,T3
6221,T3
6222,T4
6223,T1
6225,T3
6226,T4
6227,T3
6228,T1
6229,T4
6230,T3
6231,T3
6232,T4
6233,T2
6234,T4
6235,T1
6236,T1
6237,T2
6238,T2
6239,T4
6240,T1
6241,T2
6242,T3
6243,T2
6244,T1
6245,T3
6246,T4
6247,T3
6251,T2
6252,T4
6253,T2
6254,T2
6255,T4
6256,T1
6257,T3
6258,T3
6259,T4
6260,T3
6261,T2
6262,T4
6263,T3
6264,T2
6265,T2
6266,T4
6267,T4
6268,T1
6270,T3
6272,T4
6273,T2
6274,T3
6275,T4
6276,T1
6277,T4
6278,T4
6279,T1
6280,T3
6281,T3
6282,T4
6283,T3
6285,T1
6286,T3
6287,T3
6288,T1
6289,T1
6290,T2
6291,T1
6292,T3
6293,T3
6294,T2
6295,T4
6296,T3
6297,T2
6298,T4
6299,T4
6300,T4
6301,T1
6302,T2
6303,T4
6304,T2
6305,T1
6306,T4
6307,T1
6308,T2
6309,T3
6310,T3
6311,T1
6312,T3
6313,T3
6314,T3
6316,T2
6317,T3
6318,T3
6319,T3
6320,T1
6321,T2
6322,T2
6324,T3
6325,T2
6326,T2
6327,T2
6328,T3
6329,T2
6330,T4
6331,T1
6332,T1
6334,T4
6335,T4
6336,T1
6337,T3
6338,T2
6339,T1
6341,T1
6342,T3
6343,T4
6344,T4
6345,T1
6346,T1
6347,T1
6348,T3
6349,T3
6350,T3
6351,T3
6352,T3
6353,T1
6354,T2
6356,T3
6357,T3
6358,T4
6359,T2
6360,T3
6361,T4
6363,T2
6364,T4
6366,T3
6367,T3
6368,T4
6369,T3
6370,T3
6371,T1
6372,T1
6373,T4
6374,T1
6375,T2
6376,T1
6377,T1
6378,T3
6380,T1
6381,T3
6382,T1
6384,T4
6385,T1
6386,T2
6387,T4
6388,T3
6389,T4
6390,T3
6391,T3
6392,T3
6393,T4
6394,T3
6395,T4
6396,T2
6397,T4
6398,T2
6400,T2
6401,T1
6402,T3
6403,T3
6404,T2
6405,T3
6406,T2
6407,T1
6408,T3
6409,T2
6410,T4
6411,T2
6412,T1
6413,T1
6414,T4
6415,T2
6416,T2
6417,T2
6418,T1
6419,T1
6420,T2
6421,T1
6422,T4
6423,T1
6424,T2
6425,T3
6426,T3
6427,T4
6428,T3
6429,T2
6430,T3
6431,T4
6432,T1
6434,T3
6435,T4
6436,T4
6437,T3
6438,T3
6439,T4
6440,T1
6441,T4
6443,T2
6444,T4
6445,T4
6446,T4
6449,T3
6450,T4
6451,T4
6452,T1
6453,T1
6455,T3
6456,T2
6457,T1
6458,T3
6459,T4
6460,T4
6461,T4
6462,T1
6463,T3
6464,T3
6465,T4
6466,T3
6467,T4
6468,T3
6469,T3
6471,T1
6472,T1
6473,T2
6474,T1
6475,T3
6476,T3
6478,T4
6479,T1
6480,T1
6481,T3
6482,T2
6483,T3
6484,T4
6485,T3
6486,T3
6487,T2
6488,T1
6489,T2
6490,T1
6491,T3
6493,T3
6494,T4
6495,T2
6496,T3
6497,T3
6498,T3
6499,T3
6500,T2
6501,T2
6502,T4
6503,T4
6504,T2
6505,T3
6506,T2
6507,T3
6508,T4
6509,T4
6510,T1
6511,T2
6512,T4
6513,T1
6514,T2
6515,T2
6516,T1
6517,T1
6518,T1
6520,T4
6521,T1
6522,T3
6523,T1
6524,T1
6525,T1
6526,T1
6527,T3
6528,T3
6529,T1
6530,T2
6531,T3
6532,T1
6533,T1
6534,T4
6535,T3
6536,T4
6538,T1
6539,T2
6540,T3
6541,T4
6542,T3
6543,T3
6544,T2
6545,T3
6546,T4
6547,T4
6548,T4
6549,T4
6550,T4
6551,T4
6553,T4
6554,T1
6555,T4
6556,T2
6557,T3
6558,T4
6559,T3
6560,T3
6562,T2
6563,T3
6564,T3
6565,T3
6566,T4
6568,T4
6569,T3
6570,T4
6571,T3
6572,T2
6573,T2
6574,T3
6575,T1
6576,T2
6577,T3
6578,T3
6579,T4
6580,T2
6581,T1
6582,T1
6583,T3
6585,T3
6586,T2
6587,T4
6588,T4
6589,T1
6590,T3
6591,T1
6593,T4
6594,T3
6595,T2
6596,T2
6597,T2
6598,T3
6599,T3
6600,T4
6601,T2
6602,T3
6603,T2
6604,T4
6605,T2
6606,T3
6607,T1
6608,T4
6609,T1
6610,T4
6611,T2
6612,T3
6613,T4
6614,T1
6615,T2
6616,T3
6617,T3
6618,T3
6619,T3
6620,T4
6621,T4
6622,T2
6623,T3
6625,T4
6626,T3
6627,T2
6628,T2
6629,T4
6630,T3
6631,T1
6633,T1
6634,T1
6635,T2
6636,T3
6637,T3
6638,T2
6640,T1
6641,T1
6642,T2
6643,T3
6644,T3
6645,T3
6646,T1
6647,T3
6648,T3
6649,T3
6650,T2
6651,T2
6652,T2
6653,T3
6654,T4
6655,T2
6656,T4
6657,T4
6658,T3
6659,T1
6660,T2
6661,T3
6662,T4
6663,T4
6664,T4
6665,T2
6666,T1
6667,T2
6668,T2
6669,T1
6670,T3
6671,T3
6672,T2
6673,T1
6674,T3
6675,T3
6676,T1
6677,T1
6678,T1
6679,T3
6680,T3
6681,T3
6682,T4
6683,T2
6684,T4
6685,T1
6686,T4
6687,T1
6688,T3
6689,T1
6690,T3
6691,T1
6692,T1
6694,T4
6695,T4
6696,T3
6697,T2
6698,T1
6699,T1
6701,T1
6702,T3
6703,T3
6704,T1
6705,T3
6706,T3
6707,T4
6708,T3
6709,T1
6710,T3
6711,T4
6712,T3
6713,T3
6714,T1
6715,T2
6716,T3
6717,T1
6718,T4
6719,T2
6721,T4
6722,T2
6723,T2
6724,T1
6725,T3
6726,T3
6727,T4
6728,T1
6729,T3
6730,T1
6731,T2
6732,T4
6733,T3
6734,T1
6735,T4
6736,T1
6737,T4
6738,T3
6739,T3
6740,T4
6741,T3
6742,T1
6743,T1
6744,T2
6745,T2
6746,T1
6747,T1
6748,T3
6749,T3
6750,T2
6751,T2
6752,T3
6753,T1
6754,T2
6755,T3
6756,T3
6757,T2
6758,T4
6759,T4
6760,T3
6761,T1
6762,T3
6763,T1
6764,T3
6765,T4
6766,T1
6767,T3
6768,T3
6769,T1
6770,T4
6771,T4
6772,T3
6773,T2
6774,T2
6775,T3
6777,T4
6779,T2
6780,T4
6781,T4
6782,T4
6783,T1
6784,T3
6786,T1
6787,T4
6788,T4
6789,T3
6790,T2
6791,T3
6792,T4
6793,T2
6794,T3
6795,T3
6796,T2
6797,T2
6798,T3
6799,T2
6800,T3
6801,T3
6802,T1
6803,T2
6804,T2
6805,T4
6806,T3
6807,T1
6808,T1
6809,T4
6810,T3
6811,T3
6812,T4
6813,T1
6814,T3
6815,T2
6816,T2
6818,T1
6819,T1
6820,T2
6821,T4
6822,T2
6823,T2
6824,T2
6825,T2
6826,T3
6827,T4
6828,T4
6829,T3
6830,T3
6831,T3
6832,T1
6833,T4
6834,T2
6835,T1
6836,T1
6837,T3
6838,T4
6839,T3
6841,T1
6842,T3
6843,T2
6844,T3
6845,T1
6846,T1
6847,T4
6848,T3
6849,T3
6850,T1
6851,T4
6852,T2
6853,T2
6854,T2
6855,T4
6856,T4
6857,T2
6858,T1
6859,T3
6860,T1
6861,T1
6862,T1
6863,T2
6864,T3
6865,T1
6866,T2
6867,T2
6868,T3
6870,T2
6872,T3
6873,T4
6874,T1
6875,T3
6876,T2
6877,T3
6878,T3
6879,T2
6880,T4
6882,T4
6883,T1
6884,T2
6885,T2
6886,T3
6887,T4
6888,T1
6889,T3
6890,T4
6891,T3
6892,T3
6893,T2
6894,T3
6895,T1
6896,T3
6897,T3
6898,T4
6899,T4
6900,T3
6901,T3
6902,T4
6903,T3
6904,T4
6905,T4
6906,T4
6907,T4
6908,T1
6909,T4
6910,T3
6911,T2
6912,T4
6913,T2
6914,T2
6915,T2
6916,T4
6917,T2
6918,T2
6919,T4
6920,T1
6921,T3
6922,T1
6923,T4
6924,T1
6925,T4
6926,T1
6927,T1
6928,T3
6929,T3
6930,T2
6931,T4
6932,T3
6933,T3
6934,T2
6935,T2
6937,T1
6938,T3
6939,T2
6940,T1
6941,T2
6942,T3
6943,T2
6944,T3
6945,T3
6946,T1
6947,T3
6948,T3
6949,T4
6950,T3
6951,T1
6952,T4
6953,T1
6954,T3
6955,T1
6956,T3
6957,T3
6958,T3
6959,T3
6960,T4
6961,T1
6962,T1
6963,T1
6964,T3
6965,T2
6966,T3
6967,T2
6968,T2
6970,T4
6971,T2
6972,T2
6973,T3
6974,T2
6975,T2
6976,T1
6977,T1
6978,T3
6979,T3
6980,T3
6981,T3
6982,T4
6983,T4
6984,T1
6985,T4
6986,T4
6987,T2
6988,T4
6989,T2
6990,T1
6991,T2
6992,T3
6993,T4
6994,T4
6995,T1
6996,T3
6997,T1
6998,T3
6999,T4
7000,T3
7002,T2
7003,T3
7004,T1
7005,T3
7006,T2
7007,T1
7008,T1
7009,T1
7010,T4
7011,T3
7012,T3
7013,T4
7014,T2
7015,T3
7016,T2
7017,T4
7018,T2
7019,T3
7020,T3
7021,T3
7022,T2
7023,T2
7024,T2
7025,T2
7026,T4
7027,T4
7028,T2
7029,T4
7030,T1
7031,T4
7032,T4
7033,T3
7034,T3
7035,T3
7036,T2
7037,T3
7039,T2
7040,T4
7041,T1
7042,T4
7043,T2
7044,T2
7045,T1
7046,T2
7047,T2
7048,T2
7050,T2
7051,T4
7052,T3
7053,T4
7054,T4
7055,T4
7056,T1
7057,T1
7058,T2
7059,T4
7060,T4
7061,T4
7062,T3
7063,T2
7064,T4
7065,T3
7066,T1
7067,T2
7068,T3
7070,T4
7071,T4
7072,T1
7073,T2
7074,T3
7075,T4
7076,T2
7077,T3
7079,T2
7080,T1
7081,T4
7082,T3
7083,T3
7085,T1
7086,T3
7087,T2
7088,T3
7089,T1
7090,T1
7093,T3
7094,T2
7095,T2
7096,T4
7097,T3
7099,T3
7101,T4
7102,T2
7103,T2
7104,T4
7107,T1
7109,T1
7110,T1
7111,T3
7113,T1
7115,T1
7116,T4
7119,T2
7122,T3
7125,T4
7126,T3
7127,T3
7128,T1
7129,T3
7130,T3
7131,T4
7132,T1
7133,T1
7134,T3
7138,T3
7140,T1
7141,T1
7142,T2
7144,T3
7145,T2
7146,T3
7147,T2
7148,T3
7150,T1
7151,T3
7152,T3
7153,T2
7154,T1
7155,T1
7156,T3
7157,T1
7158,T3
7160,T3
7163,T1
7165,T1
7166,T3
7167,T3
7168,T3
7171,T3
7176,T1
7181,T1
7182,T3
7183,T4
7184,T1
7185,T3
7187,T2
7188,T2
7190,T1
7193,T4
7195,T3
7196,T1
7201,T4
7203,T2
7205,T3
7208,T2
7209,T3
7212,T4
7214,T2
7215,T4
7216,T2
7218,T1
7219,T3
7220,T3
7222,T3
7223,T2
7224,T1
7226,T1
7227,T1
7228,T2
7229,T1
7230,T4
7232,T3
7233,T3
7237,T3
7238,T3
7240,T2
7242,T4
7243,T4
7244,T3
7245,T4
7246,T4
7247,T4
7248,T3
7251,T1
7252,T2
7254,T3
7255,T2
7256,T4
7257,T2
7259,T2
7260,T3
7264,T3
7265,T1
7266,T1
7267,T1
7268,T3
7269,T1
7271,T3
7274,T3
7279,T1
7280,T3
7281,T3
7284,T3
7286,T3
7287,T4
7289,T2
7291,T1
7292,T4
7295,T3
7297,T3
7299,T4
7301,T3
7302,T3
7303,T4
7304,T3
7305,T4
7307,T1
7313,T3
7314,T1
7315,T1
7316,T4
7319,T1
7320,T1
7322,T2
7323,T3
7324,T1
7325,T4
7326,T3
7327,T4
7328,T3
7329,T3
7330,T2
7331,T3
7334,T1
7335,T1
7336,T1
7337,T3
7338,T4
7339,T2
7340,T1
7341,T2
7343,T2
7347,T1
7348,T3
7349,T2
7351,T4
7352,T1
7353,T2
7354,T4
7356,T1
7357,T2
7359,T2
7360,T3
7361,T1
7362,T2
7363,T2
7366,T4
7368,T2
7369,T3
7370,T3
7372,T2
7374,T4
7376,T1
7377,T2
7378,T1
7380,T3
7386,T1
7388,T1
7391,T2
7393,T2
7394,T3
7395,T1
7396,T2
7397,T4
7398,T2
7399,T4
7400,T4
7402,T3
7403,T2
7404,T1
7405,T1
7406,T2
7408,T3
7409,T2
7410,T3
7411,T3
7412,T1
7413,T2
7414,T3
7417,T1
7420,T2
7422,T3
7423,T2
7424,T3
7425,T3
7426,T3
7427,T3
7428,T2
7431,T3
7432,T1
7433,T4
7434,T4
7435,T2
7438,T2
7439,T3
7441,T3
7443,T4
7444,T1
7445,T3
7446,T4
7448,T2
7449,T2
7450,T3
7451,T3
7452,T3
7453,T3
7454,T1
7455,T2
7456,T4
7457,T2
7460,T3
7461,T1
7462,T3
7463,T3
7464,T2
7465,T3
7466,T3
7467,T4
7468,T2
7469,T4
7471,T2
7472,T3
7475,T1
7476,T4
7479,T4
7480,T2
7481,T1
7482,T3
7483,T1
7484,T1
7485,T3
7486,T4
7487,T1
7488,T1
7490,T1
7491,T4
7493,T1
7497,T4
7498,T2
7501,T2
7502,T3
7503,T2
7505,T4
7507,T3
7508,T3
7512,T2
7513,T2
7514,T3
7515,T4
7516,T3
7517,T3
7520,T3
7522,T3
7523,T2
7524,T1
7526,T3
7528,T3
7530,T3
7533,T3
7534,T3
7536,T3
7537,T3
7538,T3
7539,T3
7540,T3
7541,T4
7542,T3
7544,T3
7547,T3
7550,T2
7551,T2
7552,T3
7553,T3
7554,T3
7556,T1
7557,T3
7558,T4
7559,T1
7561,T1
7562,T3
7563,T3
7564,T1
7565,T2
7566,T2
7567,T4
7568,T2
7569,T3
7570,T3
7571,T2
7573,T3
7574,T2
7575,T3
7576,T3
7578,T1
7579,T1
7580,T3
7582,T1
7584,T1
7587,T4
7588,T2
7590,T3
7592,T3
7593,T2
7594,T2
7595,T1
7596,T3
7599,T2
7600,T2
7601,T2
7604,T4
7606,T1
7607,T1
7608,T3
7609,T4
7610,T1
7612,T3
7613,T2
7614,T4
7615,T1
7616,T4
7619,T4
7620,T1
7621,T4
7622,T3
7623,T3
